Sku,ExternalKey,MPN,Gtin,Name,ProductTypeDescription,Price DO,Price DD,UpdateUTC
V93054,V93054,93054,5705020930546,"Vikan 9305 schuim sproeier set 1,4 liter",SimpleProduct,Not Found,"€ 177,30","12/15/2025, 11:20 PM"
V41813,V41813,41813,5705020418136,"Vikan 4181-3 glazuurborstel zacht 7 x 41,5cm",SimpleProduct,Not Found,"€ 15,75","12/15/2025, 11:20 PM"
V370600,V370600,370600,5705023706001,Vikan 370600 Swish Superior mop frame 90cm klittenband click-fit,SimpleProduct,Not Found,"€ 45,79","12/15/2025, 11:20 PM"
V70436,V70436,70436,5705020704369,Vikan Hygiene 7043-2 luiwagen medium 27cm,SimpleProduct,Not Found,"€ 24,03","12/15/2025, 11:20 PM"
V10195,V10195,10195,5705020101953,Vikan Hygiene 1019-1 Aanvulset klemmen div. kleuren,SimpleProduct,Not Found,Not Found,"12/15/2025, 11:20 PM"
V56656B,V56656B,56656B,5705022015333,Vikan Hygiene 56656 afsluitbare stoffer en blik set geel,SimpleProduct,Not Found,"€ 38,41","12/15/2025, 11:20 PM"
V0810,V0810,810,5705020008108,Vikan Classic 0810 zolenreiniger,SimpleProduct,Not Found,"€ 4,01","12/15/2025, 11:20 PM"
V297152,V297152,297152,5705022971011,Vikan Transport telescoopsteel 100-160cm waterdoorvoer slangpilaar,SimpleProduct,Not Found,"€ 64,08","12/15/2025, 11:20 PM"
V10197,V10197,10197,5705020101977,Vikan Hygiene 1019-1 Aanvulset klemmen div. kleuren,SimpleProduct,Not Found,Not Found,"12/15/2025, 11:20 PM"
V56915,V56915,56915,5705020569159,Vikan Hygiene 5691-5 hark,SimpleProduct,Not Found,"€ 49,39","12/15/2025, 11:20 PM"
V10191,V10191,10191,5705020101915,Vikan Hygiene 1019-1 Aanvulset klemmen div. kleuren,SimpleProduct,Not Found,Not Found,"12/15/2025, 11:20 PM"
V583310,V583310,583310,5705025833101,Vikan ErgoClean 583310 deksel voor BOX 7,SimpleProduct,Not Found,Not Found,"12/15/2025, 11:20 PM"
V5585,V5585,5585,5705020055850,Vikan Classic 5585 stofblik metaal,SimpleProduct,Not Found,"€ 8,65","12/15/2025, 11:20 PM"
V60004,V60004,60004,5705022022935,Vikan 60004 maatbeker 2 liter met handvat en milliliter maatverdeling,SimpleProduct,Not Found,"€ 145,02","12/15/2025, 11:20 PM"
V297152C,V297152C,297152C,5705022971523,Vikan Transport telescoopsteel 100-160cm waterdoorvoer Gardena,SimpleProduct,Not Found,"€ 64,08","12/15/2025, 11:20 PM"
V53713,V53713,53713,5705020537134,Vikan Hygiene 53713 buizenborstel zacht,SimpleProduct,Not Found,"€ 47,87","12/15/2025, 11:20 PM"
V56805,V56805,56805,5705020568053,Vikan Hygiene 5680-5 schepbak,SimpleProduct,Not Found,Not Found,"12/15/2025, 11:20 PM"
V549145,V549145,549145,5705025491455,Vikan ErgoClean 549145 Windowmop 45cm,SimpleProduct,Not Found,"€ 18,94","12/15/2025, 11:20 PM"
V5523,V5523,5523,5705020055232,Vikan 5523 Schuurpad hard,SimpleProduct,Not Found,"€ 40,32","12/15/2025, 11:20 PM"
V299152,V299152,299152,5705022991019,Vikan Transport 299152 steel 150cm waterdoorvoer,SimpleProduct,Not Found,"€ 38,41","12/15/2025, 11:20 PM"
V290100,V290100,290100,5705022901001,Vikan 290100 Aluminium Telescoop steel Click zwart,SimpleProduct,Not Found,"€ 91,48","12/15/2025, 11:20 PM"
V581519,V581519,581519,5705025815190,Vikan ErgoClean 581519 houder voor BOX 7,SimpleProduct,Not Found,Not Found,"12/15/2025, 11:20 PM"
V473852,V473852,473852,5705024738520,Vikan Transport 473852 losse spons,SimpleProduct,Not Found,"€ 8,49","12/15/2025, 11:20 PM"
V583810,V583810,583810,5705025838106,Vikan ErgoClean 583810 houder opbergzak,SimpleProduct,Not Found,"€ 70,63","12/15/2025, 11:20 PM"
V547600,V547600,547600,5705025476001,Vikan Damp/Dry 31 pocketmop 40cm,SimpleProduct,Not Found,"€ 107,17","12/15/2025, 11:20 PM"
V70433,V70433,70433,5705020704338,Vikan Hygiene 7043-2 luiwagen medium 27cm,SimpleProduct,Not Found,"€ 24,03","12/15/2025, 11:20 PM"
V299152Q,V299152Q,299152Q,5705022991026,Vikan Transport 299152-Q steel 150cm Nito waterdoorvoer,SimpleProduct,Not Found,"€ 38,41","12/15/2025, 11:20 PM"
V53625,V53625,53625,5705020536250,"Vikan Hygiene pijpenborstel set zacht 2, 5 en 6mm",SimpleProduct,Not Found,"€ 13,88","12/15/2025, 11:20 PM"
V5055,V5055,5055,5705020050558,Vikan Classic 5055 toiletborstel,SimpleProduct,Not Found,Not Found,"12/15/2025, 11:20 PM"
V583818,V583818,583818,5705025838182,Vikan ErgoClean 583818 opbergzak,SimpleProduct,Not Found,Not Found,"12/15/2025, 11:20 PM"
V525352,V525352,525352,5705025253527,Vikan Transport 525352 velgborstel hard 325mm,SimpleProduct,Not Found,"€ 9,90","12/15/2025, 11:20 PM"
V9332,V9332,9332,5705020933257,Vikan 93325 koudwater slangenset 15mtr,SimpleProduct,Not Found,"€ 8,48","12/15/2025, 11:20 PM"
V454210,V454210,454210,5705024542103,Vikan ErgoClean 454210 plumeau,SimpleProduct,Not Found,"€ 10,53","12/15/2025, 11:20 PM"
V10188,V10188,10188,5705020101885,Vikan Hygiene 1018-1 ophangrek 4-6,SimpleProduct,Not Found,Not Found,"12/15/2025, 11:20 PM"
V580410,V580410,580410,5705025804101,Vikan ErgoClean 580410 QSR Trolley,SimpleProduct,Not Found,"€ 488,31","12/15/2025, 11:20 PM"
V707952,V707952,707952,5705027079521,Vikan Transport 707952 Wipe-n-Shine 45cm,SimpleProduct,Not Found,"€ 34,06","12/15/2025, 11:20 PM"
V582410,V582410,582410,5705025824109,Vikan ErgoClean 582410 Opbergmand,SimpleProduct,Not Found,"€ 134,07","12/15/2025, 11:20 PM"
V16200,V16200,16200,5705020162008,Vikan 16200 RVS wandhouder voor 6 en 12 ltr emmer,SimpleProduct,Not Found,"€ 61,69","12/15/2025, 11:20 PM"
V77729,V77729,77729,5705020777295,Vikan 7772-9 e cassette 40 cm,SimpleProduct,Not Found,"€ 12,44","12/15/2025, 11:20 PM"
V5357,V5357,5357,5705020535758,Vikan Hygiene 5357-5 Sundae borstelset,SimpleProduct,Not Found,"€ 95,89","12/15/2025, 11:20 PM"
V70565,V70565,70565,5705020070563,"Vikan Hygiene 70563 waterborstel 4,5x35cm",SimpleProduct,Not Found,"€ 18,94","12/15/2025, 11:20 PM"
V617,V617,617,5705020006173,Vikan Hygiene 617 ophangrek RVS 32cm,SimpleProduct,Not Found,"€ 48,68","12/15/2025, 11:20 PM"
V297352C,V297352C,297352C,5705022973527,Vikan Transport telescoopsteel 163-275 cm waterdoorvoer Gardena koppeling,SimpleProduct,Not Found,"€ 82,35","12/15/2025, 11:20 PM"
V583011,V583011,583011,5705025830117,Vikan ErgoClean 583011 steelklem zijkant,SimpleProduct,Not Found,Not Found,"12/15/2025, 11:20 PM"
V581412,V581412,581412,5705025814124,Vikan ErgoClean 581412 MOPBOX 40 los,SimpleProduct,Not Found,"€ 36,86","12/15/2025, 11:20 PM"
V2994,V2994,2994,5705020029943,Vikan Classic 2994 adapter voor clickfit,SimpleProduct,Not Found,"€ 8,95","12/15/2025, 11:20 PM"
V10199,V10199,10199,5705020101991,Vikan Hygiene 1019-1 Aanvulset klemmen div. kleuren,SimpleProduct,Not Found,Not Found,"12/15/2025, 11:20 PM"
V707752,V707752,707752,5705027077527,Vikan Transport 707752 Wipe-n-Shine 25cm,SimpleProduct,Not Found,"€ 11,66","12/15/2025, 11:20 PM"
V299552Q,V299552Q,299552Q,5705022995529,Vikan Transport 299552-Q steel 150cm Nito waterdoorvoer,SimpleProduct,Not Found,"€ 62,85","12/15/2025, 11:20 PM"
V5581,V5581,5581,5705020055812,Vikan Classic 5581 stofblik,SimpleProduct,Not Found,Not Found,"12/15/2025, 11:20 PM"
V56613,V56613,56613,5705022015302,Vikan Hygiene 56613 afsluitbare stoffer en blik set,SimpleProduct,Not Found,"€ 51,99","12/15/2025, 11:20 PM"
V581110,V581110,581110,5705025811109,"Vikan ErgoClean 581110 maatbeker 1,5 ltr",SimpleProduct,Not Found,"€ 13,82","12/15/2025, 11:20 PM"
V370500,V370500,370500,5705023705004,Swish 370500 Superior mopframe 55cm click-fit,SimpleProduct,Not Found,"€ 31,52","12/15/2025, 11:20 PM"
V5229,V5229,5229,5705020052293,Vikan Classic 5229 handborstel zacht,SimpleProduct,Not Found,"€ 5,48","12/15/2025, 11:20 PM"
V10176,V10176,10176,5705020101762,Vikan Hygiene 10171 ophangrek 1-3,SimpleProduct,Not Found,Not Found,"12/15/2025, 11:20 PM"
V56933,V56933,56933,5705020569333,Vikan emmerdeksel 20 ltr,SimpleProduct,Not Found,"€ 21,39","12/15/2025, 11:20 PM"
V70563,V70563,70563,5705020705632,"Vikan Hygiene 70563 waterborstel 4,5x35cm",SimpleProduct,Not Found,"€ 18,94","12/15/2025, 11:20 PM"
V581819,V581819,581819,5705025818191,Vikan ErgoClean 581819 houder voor BOX 7,SimpleProduct,Not Found,Not Found,"12/15/2025, 11:20 PM"
V2945,V2945,2945,5705020029455,Vikan Classic 2945 steel 130cm,SimpleProduct,Not Found,"€ 7,61","12/15/2025, 11:20 PM"
V580918,V580918,580918,5705025809182,Vikan ErgoClean 580918 BOX 7 ltr compleet,SimpleProduct,Not Found,"€ 87,63","12/15/2025, 11:20 PM"
V580311,V580311,580311,5705025803111,Vikan 580311 COMPACT PLUS 40,SimpleProduct,Not Found,"€ 993,07","12/15/2025, 11:20 PM"
V29915,V29915,29915,5705020029912,Vikan Hygiene 29915 steel 150cm slangpilaar,SimpleProduct,Not Found,"€ 38,41","12/15/2025, 11:20 PM"
V525252,V525252,525252,5705025252520,Vikan Transport handborstel kort zacht 7cm breed,SimpleProduct,Not Found,"€ 12,00","12/15/2025, 11:20 PM"
V56683,V56683,56683,5705022032217,Handschpe Vikan 56683 metaaldetecteerbaar 1 liter,SimpleProduct,Not Found,"€ 13,41","12/15/2025, 11:20 PM"
V297552,V297552,297552,5705022975521,Vikan Transport telescoopsteel 163-275 cm,SimpleProduct,Not Found,"€ 66,39","12/15/2025, 11:20 PM"
V297052,V297052,297052,15705020010585,Vikan Transport 297052 steel 170cm,SimpleProduct,Not Found,"€ 133,96","12/15/2025, 11:20 PM"
V10178,V10178,10178,5705020101786,Vikan Hygiene 10171 ophangrek 1-3,SimpleProduct,Not Found,Not Found,"12/15/2025, 11:20 PM"
V10187,V10187,10187,5705020101878,Vikan Hygiene 1018-1 ophangrek 4-6,SimpleProduct,Not Found,Not Found,"12/15/2025, 11:20 PM"
V10196,V10196,10196,5705020101960,Vikan Hygiene 1019-1 Aanvulset klemmen div. kleuren,SimpleProduct,Not Found,Not Found,"12/15/2025, 11:20 PM"
V56035,V56035,56035,5705025603506,Vikan Hygiene 56035 uitlekschep 112x35cm,SimpleProduct,Not Found,Not Found,"12/15/2025, 11:20 PM"
V691218,V691218,691218,5705026912188,Vikan ErgoClean 691218 microvezel want,SimpleProduct,Not Found,"€ 38,39","12/15/2025, 11:20 PM"
V580510,V580510,580510,5705025805108,Vikan ErgoClean 580510 Mopbox,SimpleProduct,Not Found,"€ 133,85","12/15/2025, 11:20 PM"
V631559,V631559,631559,5705022000339,Vikan Transport 631559 interieurborstel,SimpleProduct,Not Found,"€ 8,13","12/15/2025, 11:20 PM"
V559518,V559518,559518,5705025595184,Vikan stoffer en blik set met lange steel 98cm,SimpleProduct,Not Found,"€ 31,29","12/15/2025, 11:20 PM"
V549101,V549101,549101,5705025491011,Vikan ErgoClean 549101 EasyShine Kit,SimpleProduct,Not Found,"€ 142,26","12/15/2025, 11:20 PM"
V56214,V56214,56214,5705020562143,"Vikan Hygiene 5621-4 schop D-grip,",SimpleProduct,Not Found,"€ 11,22","12/15/2025, 11:20 PM"
V77749,V77749,77749,5705020777493,Vikan 7774-9 e cassette 60 cm,SimpleProduct,Not Found,"€ 17,41","12/15/2025, 11:20 PM"
V10194,V10194,10194,5705020101946,Vikan Hygiene 1019-1 Aanvulset klemmen div. kleuren,SimpleProduct,Not Found,Not Found,"12/15/2025, 11:20 PM"
V581910,V581910,581910,5705025819105,Vikan ErgoClean 581910 kleine opbergbox,SimpleProduct,Not Found,"€ 6,00","12/15/2025, 11:20 PM"
V375018,V375018,375018,5705023750189,Vikan mop emmer 15 liter,SimpleProduct,Not Found,"€ 11,98","12/15/2025, 11:20 PM"
V3108,V3108,3108,5705020031083,Vikan Classic 3108 veger hard 40cm,SimpleProduct,Not Found,"€ 16,15","12/15/2025, 11:20 PM"
V297352,V297352,297352,5705022973015,Vikan Transport telescoopsteel 163-275 waterdoorvoer slangpilaar,SimpleProduct,Not Found,"€ 82,35","12/15/2025, 11:20 PM"
V549025,V549025,549025,5705025490250,Vikan BOARD vlakmop 25cm klittenband,SimpleProduct,Not Found,"€ 18,08","12/15/2025, 11:20 PM"
V380100,V380100,380100,5705023801003,Vikan ErgoClean 380100 wisdoekklemmen,SimpleProduct,Not Found,"€ 5,15","12/15/2025, 11:20 PM"
V290300,V290300,290300,5705022903005,Swish 290300 telescoopsteel 95-160cm click-fit,SimpleProduct,Not Found,"€ 91,48","12/15/2025, 11:20 PM"
V406199,V406199,406199,5705024061994,Vikan Hygiene 406199 handschraper dblauw,SimpleProduct,Not Found,Not Found,"12/15/2025, 11:20 PM"
V30024,V30024,30024,5705020300240,Vikan Hygiene Toaster brush hittebestendige peek vezels set van 2,SimpleProduct,Not Found,"€ 55,09","12/15/2025, 11:20 PM"
V292515552,V292515552,292515552,5705022925021,Vikan Transport houten steel 155cm,SimpleProduct,Not Found,"€ 12,14","12/15/2025, 11:20 PM"
V2925155G,V2925155G,2925155G,5705022925151,Vikan Classic 2925155-G steel 155cm,SimpleProduct,Not Found,"€ 11,79","12/15/2025, 11:20 PM"
V581417,V581417,581417,5705025814179,Vikan ErgoClean 581417 los deksel MOPBOX 25,SimpleProduct,Not Found,"€ 87,63","12/15/2025, 11:20 PM"
V556452,V556452,556452,5705025564524,Vikan Transport 556452 set 2 kwasten,SimpleProduct,Not Found,"€ 6,63","12/15/2025, 11:20 PM"
V370700,V370700,370700,5705023707008,Swish Superior mopframe 120cm klittenband click-fit,SimpleProduct,Not Found,"€ 57,49","12/15/2025, 11:20 PM"
V581416,V581416,581416,5705025814162,Vikan ErgoClean 581416 MOPBOX 25 compleet,SimpleProduct,Not Found,"€ 87,63","12/15/2025, 11:20 PM"
V71352,V71352,71352,5705020713521,"Vikan 0713 snelkoppeling 1/2"" met 3/4"" slangpilaar",SimpleProduct,Not Found,Not Found,"12/15/2025, 11:20 PM"
V549600,V549600,549600,5705025496009,Vikan Damp 43 pocketmop 40 cm,SimpleProduct,Not Found,"€ 18,37","12/15/2025, 11:20 PM"
V29255,V29255,29255,5705020029257,Vikan Hygiene 2925-5 telescoopsteel 125-180cm wit,SimpleProduct,Not Found,"€ 44,35","12/15/2025, 11:20 PM"
V10181,V10181,10181,5705020101816,Vikan Hygiene 1018-1 ophangrek 4-6,SimpleProduct,Not Found,Not Found,"12/15/2025, 11:20 PM"
V372018,V372018,372018,5705023720182,Vikan ErgoClean 372018 draadmop 200 gram,SimpleProduct,Not Found,"€ 146,74","12/15/2025, 11:20 PM"
V374018,V374018,374018,5705023740180,Vikan ErgoClean mopframe 40cm pocket click-fit,SimpleProduct,Not Found,"€ 36,07","12/15/2025, 11:20 PM"
V558552,V558552,558552,5705025585529,Vikan Transport 558552 metalen stofblik,SimpleProduct,Not Found,"€ 8,65","12/15/2025, 11:20 PM"
V582510,V582510,582510,5705025825106,Vikan ErgoClean 582510 enkele houder,SimpleProduct,Not Found,"€ 20,62","12/15/2025, 11:20 PM"
V70665,V70665,70665,5705020706653,"Vikan Hygiene 7066-5 vloerveger, zacht",SimpleProduct,Not Found,Not Found,"12/15/2025, 11:20 PM"
V375440,V375440,375440,5705023754408,Vikan FLIP mopframe 40cm klittenband click-fit,SimpleProduct,Not Found,"€ 39,94","12/15/2025, 11:20 PM"
V70075,V70075,70075,5705020700750,"Vikan Hygiene 7007-5 roerspatel,",SimpleProduct,Not Found,"€ 103,77","12/15/2025, 11:20 PM"
V70434,V70434,70434,5705020704345,Vikan Hygiene 7043-2 luiwagen medium 27cm,SimpleProduct,Not Found,"€ 24,03","12/15/2025, 11:20 PM"
V70095,V70095,70095,5705020700958,Vikan Hygiene 7009-5 roerspatel,SimpleProduct,Not Found,"€ 115,06","12/15/2025, 11:20 PM"
V70652,V70652,70652,5010424070652,"Vikan 0706 snelkoppeling 1/2"""", kronkel -",SimpleProduct,Not Found,Not Found,"12/15/2025, 11:20 PM"
V2517,V2517,2517,5705020025174,"Vikan Classic 2517 bezem 35cm, pvc",SimpleProduct,Not Found,"€ 15,16","12/15/2025, 11:20 PM"
V53743,V53743,53743,5705020537431,Vikan Hygiene 5374-3 buizenborstel,SimpleProduct,Not Found,"€ 47,87","12/15/2025, 11:20 PM"
V11005,V11005,11005,5705020110054,"Vikan Hygiene 1100-5 flacon 0,5 liter",SimpleProduct,Not Found,"€ 13,09","12/15/2025, 11:20 PM"
V547160,V547160,547160,5705025471600,Vikan 547160 Dry mop 24 klittenband breed 60cm kleur grijs,SimpleProduct,Not Found,"€ 96,06","12/15/2025, 11:20 PM"
V370400,V370400,370400,5705023704007,Vikan 370400 Superior mopframe klittenband breed 40 cm,SimpleProduct,Not Found,"€ 25,58","12/15/2025, 11:20 PM"
V5220,V5220,5220,5705020052200,Vikan Classic 5220 handborstel zacht 42cm,SimpleProduct,Not Found,"€ 10,47","12/15/2025, 11:20 PM"
V56216,V56216,56216,5705020562167,"Vikan Hygiene 5621-6 schop D-grip,",SimpleProduct,Not Found,"€ 68,14","12/15/2025, 11:20 PM"
V616,V616,616,15705020006163,Vikan Hygiene 0616 ophangrek rvs 48mm,SimpleProduct,Not Found,"€ 8,18","12/15/2025, 11:20 PM"
V454518,V454518,454518,5705024545180,Vikan ErgoClean 454518 bolstoffer zacht,SimpleProduct,Not Found,"€ 11,98","12/15/2025, 11:20 PM"
V618,V618,618,5705020006180,Vikan Hygiene 618 ophangrek rvs 47cm,SimpleProduct,Not Found,"€ 59,98","12/15/2025, 11:20 PM"
V525052,V525052,525052,5705025250526,Vikan Transport 525052 velgborstel zacht,SimpleProduct,Not Found,Not Found,"12/15/2025, 11:20 PM"
V380455,V380455,380455,5705023804554,Swish 380455 Superior klittenband 55cm,SimpleProduct,Not Found,"€ 12,91","12/15/2025, 11:20 PM"
V2977,V2977,2977,5705020029776,Vikan Hygiene 2977 telescoopsteel 2-6mtr,SimpleProduct,Not Found,"€ 355,58","12/15/2025, 11:20 PM"
V521152,V521152,521152,7330371006169,Vikan Transport 521152 microvezel reinigingsset,SimpleProduct,Not Found,"€ 10,27","12/15/2025, 11:20 PM"
V10182,V10182,10182,5705020101823,Vikan Hygiene 1018-1 ophangrek 4-6,SimpleProduct,Not Found,Not Found,"12/15/2025, 11:20 PM"
V374218,V374218,374218,5705023742184,Vikan mopframe 40cm klittenband click-fit,SimpleProduct,Not Found,"€ 29,52","12/15/2025, 11:20 PM"
V3180S,V3180S,3180S,5705020318009,Vikan Classic 3180-S veger 50cm zacht,SimpleProduct,Not Found,"€ 31,19","12/15/2025, 11:20 PM"
V524652,V524652,524652,5705025246529,"Vikan Transport handborstel kort zacht 11,5 cm breed",SimpleProduct,Not Found,"€ 21,94","12/15/2025, 11:20 PM"
V70125,V70125,70125,5705020701252,"Vikan Hygiene 7012-5 roerspatel, , pp",SimpleProduct,Not Found,"€ 41,61","12/15/2025, 11:20 PM"
V559018,V559018,559018,5705025590189,Stoffer en blik set met lange steel,SimpleProduct,Not Found,"€ 31,52","12/15/2025, 11:20 PM"
V549643,V549643,549643,5705025496436,Vikan DAMP 43 vlakmop 40cm klittenband blauw,SimpleProduct,Not Found,"€ 210,32","12/15/2025, 11:20 PM"
V10198,V10198,10198,5705020101984,Vikan Hygiene 1019-1 Aanvulset klemmen div. kleuren,SimpleProduct,Not Found,Not Found,"12/15/2025, 11:20 PM"
V41806,V41806,41806,5705020418068,Vikan Hygiene resin 4180-6 afwasborstel,SimpleProduct,Not Found,Not Found,"12/15/2025, 11:20 PM"
V56693,V56693,56693,5705022032316,"Handschpe Vikan 56693 Hygiene 0,5 ltr detecteerbaar",SimpleProduct,Not Found,"€ 13,99","12/15/2025, 11:20 PM"
V56659B,V56659B,56659B,5705022015340,Vikan Hygiene 56659 afsluitbare stoffer en blik set,SimpleProduct,Not Found,"€ 14,85","12/15/2025, 11:20 PM"
V45856,V45856,45856,5705020458569,Vikan UST 4585-6 handveger medium vezels 35x330mm,SimpleProduct,Not Found,"€ 25,42","12/15/2025, 11:20 PM"
V38935,V38935,38935,5705020389351,Vikan Resin werkborstel,SimpleProduct,Not Found,"€ 13,53","12/15/2025, 11:20 PM"
V549500,V549500,549500,15705025495009,Vikan Damp 42 pocketmop 40 cm,SimpleProduct,Not Found,"€ 95,02","12/15/2025, 11:20 PM"
V2947,V2947,2947,5705020029479,Vikan Classic 2947 steel 150 cm,SimpleProduct,Not Found,"€ 7,87","12/15/2025, 11:20 PM"
V45857,V45857,45857,5705020458576,Vikan UST 4585-7 handveger oranje medium vezels 35x330mm,SimpleProduct,Not Found,"€ 25,42","12/15/2025, 11:20 PM"
V580110,V580110,580110,5705025801100,Vikan ErgoClean 580110 trolley LARGE,SimpleProduct,Not Found,"€ 133,85","12/15/2025, 11:20 PM"
V582110,V582110,582110,5705025821108,Vikan ErgoClean 582110 houder opbergbox,SimpleProduct,Not Found,"€ 9,53","12/15/2025, 11:20 PM"
V526452,V526452,526452,5705020011047,Vikan Transport 526452 wasborstel 28cm,SimpleProduct,Not Found,"€ 4,80","12/15/2025, 11:20 PM"
V548260,V548260,548260,5705025482606,Vikan ErgoClean 548260 WET SCRUB mop 60cm grijs - 5 stuks,SimpleProduct,Not Found,Not Found,"12/15/2025, 11:20 PM"
V450052,V450052,450052,5705024500523,Vikan Transport bekledingborstel hard,SimpleProduct,Not Found,"€ 7,65","12/15/2025, 11:20 PM"
V4551,V4550,4551,5705022040014,Vikan Classic 4551 handveger zacht vezel 32cm grijs zwart,SimpleProduct,Not Found,Not Found,"12/15/2025, 11:20 PM"
V50515,V50515,50515,5705020505157,Vikan Hygiene 50515 toiletborstel,SimpleProduct,Not Found,"€ 35,47","12/15/2025, 11:20 PM"
V10185,V10185,10185,5705020101854,Vikan Hygiene 1018-1 ophangrek 4-6,SimpleProduct,Not Found,Not Found,"12/15/2025, 11:20 PM"
V70573,V70573,70573,5705022023994,Vikan 70573 handborstel met waterdoorvoer 330mm hard tbv Nito en Gardena,SimpleProduct,Not Found,"€ 18,94","12/15/2025, 11:20 PM"
V581618,V581618,581618,5705025816180,Vikan ErgoClean 581618 BOX 12 ltr los,SimpleProduct,Not Found,"€ 106,09","12/15/2025, 11:20 PM"
V56905,V56905,56905,5705020569050,Vikan 56905 Ultra Hygiene riek 127cm,SimpleProduct,Not Found,"€ 102,75","12/15/2025, 11:20 PM"
V56803,V56803,56803,5705020568039,Vikan Hygiene 5680-3 schepbak,SimpleProduct,Not Found,Not Found,"12/15/2025, 11:20 PM"
V53769,V53769,53769,5705020537691,Vikan Hygiene 5376-9 pijpenborstel Ã¸20x500mm,SimpleProduct,Not Found,"€ 7,37","12/15/2025, 11:20 PM"
V526852,V526852,526852,5705025268521,Vikan Transport wasborstel 24 cm verstelbare hoek,SimpleProduct,Not Found,"€ 55,94","12/15/2025, 11:20 PM"
V549610,V549610,549610,5705025496108,Vikan Damp 43 vlakmop 120cm klittenband,SimpleProduct,Not Found,"€ 28,85","12/15/2025, 11:20 PM"
V473952,V473952,473952,5705024739527,Vikan Transport 473952 raamwisser/spons,SimpleProduct,Not Found,"€ 23,11","12/15/2025, 11:20 PM"
V3151,V3151,3151,5705022029798,Vikan Classic 3151 veger zacht 29cm,SimpleProduct,Not Found,Not Found,"12/15/2025, 11:21 PM"
V631216,V631216,631216,5705026312162,Vikan ErgoClean 631216 radiatorborstel,SimpleProduct,Not Found,"€ 8,34","12/15/2025, 11:20 PM"
V2979,V2979,2979,5705020029790,Vikan 2979 telescoopsteel Heavy Duty 2-6 mtr,SimpleProduct,Not Found,Not Found,"12/15/2025, 11:20 PM"
V29915Q,V29915Q,29915Q,5705020299100,Vikan Hygiene 29915Q steel 150cm waterdoorvoer,SimpleProduct,Not Found,"€ 38,41","12/15/2025, 11:21 PM"
V5525,V5525,5525,5705020055256,Vikan 5525 Schuurpad zacht,SimpleProduct,Not Found,"€ 175,51","12/15/2025, 11:21 PM"
V53635,V53635,53635,5705020536359,Vikan Hygiene 5363-5 pijpenborstel medium 9mm,SimpleProduct,Not Found,"€ 6,66","12/15/2025, 11:21 PM"
V581419,V581419,581419,5705025814193,Vikan Ergoclean 581419 deksel MOPBOX 60,SimpleProduct,Not Found,"€ 25,97","12/15/2025, 11:21 PM"
V4590,V4590,4590,5705020045905,Vikan Classic 4590 handveger zacht,SimpleProduct,Not Found,"€ 6,84","12/15/2025, 11:21 PM"
V47535,V47535,47535,5705020047534,Vikan schrobborstel hittebestendig hard 15cm,SimpleProduct,Not Found,"€ 40,18","12/15/2025, 11:21 PM"
V5346,V5346,5346,5705020053467,Vikan flexibele kabel verlengstuk pijpenborstel 81cm,SimpleProduct,Not Found,"€ 9,41","12/15/2025, 11:21 PM"
V10175,V10175,10175,5705020101755,Vikan Hygiene 10171 ophangrek 1-3,SimpleProduct,Not Found,Not Found,"12/15/2025, 11:21 PM"
V77745,V77745,77745,5705020777455,Vikan 7774-5 te cassette 60 cm,SimpleProduct,Not Found,"€ 17,41","12/15/2025, 11:21 PM"
V56049,V56049,56049,5705020560491,Vikan Hygiene 5604-9 uitlekschep,SimpleProduct,Not Found,"€ 72,56","12/15/2025, 11:21 PM"
V581415,V581415,581415,5705025814155,Vikan ErgoClean 581415 handgreep MOPBOX 40,SimpleProduct,Not Found,"€ 74,40","12/15/2025, 11:21 PM"
V475218,V475218,475218,5705024752182,Vikan ErgoClean 475218 raamwasser T-stuk 35cm,SimpleProduct,Not Found,"€ 12,28","12/15/2025, 11:21 PM"
V10179,V10179,10179,5705020101793,Vikan Hygiene 10171 ophangrek 1-3,SimpleProduct,Not Found,Not Found,"12/15/2025, 11:21 PM"
V2977Q,V2977Q,2977Q,5705020297748,Vikan 2977Q telescoopsteel 2-6mtr waterdoorvoer,SimpleProduct,Not Found,"€ 376,83","12/15/2025, 11:21 PM"
V299252,V299252,299252,5705022992016,Vikan Transport 299252 steel 100cm waterdoorvoer,SimpleProduct,Not Found,"€ 35,85","12/15/2025, 11:21 PM"
V10189,V10189,10189,5705020101892,Vikan Hygiene 1018-1 ophangrek 4-6,SimpleProduct,Not Found,"€ 33,94","12/15/2025, 11:21 PM"
V707852,V707852,707852,5705027078524,Vikan Transport 707852 Wipe-n-Shine 35cm,SimpleProduct,Not Found,"€ 22,80","12/15/2025, 11:21 PM"
V45574,V45574,45574,5705020455742,Vikan lange resin handveger,SimpleProduct,Not Found,"€ 11,82","12/15/2025, 11:21 PM"
V380600,V380600,380600,5705023806008,Vikan ErgoClean 380600 Ergobend kniegewricht,SimpleProduct,Not Found,"€ 17,93","12/15/2025, 11:21 PM"
V10173,V10173,10173,5705020101731,Vikan Hygiene 10171 ophangrek 1-3,SimpleProduct,Not Found,Not Found,"12/15/2025, 11:21 PM"
V70952,V70952,70952,5705020709524,"Vikan 0709 Gardena nippel met 1/2"" buitendraad",SimpleProduct,Not Found,"€ 15,96","12/15/2025, 11:21 PM"
V581210,V581210,581210,7330371005957,Vikan ErgoClean 581210 sproeiflacon 250ml,SimpleProduct,Not Found,"€ 6,00","12/15/2025, 11:21 PM"
V10186,V10186,10186,5705020101861,Vikan Hygiene 1018-1 ophangrek 4-6,SimpleProduct,Not Found,Not Found,"12/15/2025, 11:21 PM"
V708869,V708869,708869,5705022000391,Vikan 708869 transport vloertrekker 60cm vaste nek,SimpleProduct,Not Found,"€ 17,53","12/15/2025, 11:21 PM"
V2018,V2018,2018,5705020020186,Vikan Classic 2018 veger 40cm hard,SimpleProduct,Not Found,"€ 11,82","12/15/2025, 11:21 PM"
V5524,V5524,5524,5705020055249,Vikan 5524 Schuurpad medium,SimpleProduct,Not Found,"€ 40,32","12/15/2025, 11:21 PM"
V45573,V45573,45573,5705020455735,Vikan lange resin handveger,SimpleProduct,Not Found,"€ 11,82","12/15/2025, 11:21 PM"
V38936,V38936,38936,5705020389368,Vikan Resin werkborstel,SimpleProduct,Not Found,"€ 13,53","12/15/2025, 11:21 PM"
V380428,V380428,380428,5705023804288,Swish 380428 Superior klittenband 28cm,SimpleProduct,Not Found,"€ 7,50","12/15/2025, 11:21 PM"
V10192,V10192,10192,5705020101922,Vikan Hygiene 1019-1 Aanvulset klemmen div. kleuren,SimpleProduct,Not Found,Not Found,"12/15/2025, 11:21 PM"
V56615,V56615,56615,5705022015326,Vikan Hygiene 56613 afsluitbare stoffer en blik set,SimpleProduct,Not Found,Not Found,"12/15/2025, 11:21 PM"
V524752,V524752,524752,5705025247526,Vikan Transport 524752 hoekborstel 28cm,SimpleProduct,Not Found,"€ 48,75","12/15/2025, 11:21 PM"
V708,V708,708,5705020007088,Vikan 0708 slangpilaar 1/2 inch of 3/4 inch,SimpleProduct,Not Found,"€ 17,53","12/15/2025, 11:21 PM"
V524952,V524952,524952,5705022034204,"Vikan 524952 Transport handborstel lange vezels met rubber stootrand 32,5 cm",SimpleProduct,Not Found,"€ 21,94","12/15/2025, 11:21 PM"
V549560,V549560,549560,15705025495603,Vikan DAMP 42 vlakmop 60cm klittenband,SimpleProduct,Not Found,"€ 183,24","12/15/2025, 11:21 PM"
V548400,V548400,548400,7330371005759,Vikan INTERIOR stofmop microvezelhoes,SimpleProduct,Not Found,"€ 9,35","12/15/2025, 11:21 PM"
V705,V705,705,5705020007057,Vikan 0705 koppelstuk 1/2 inch voor 2 slangen,SimpleProduct,Not Found,"€ 12,11","12/15/2025, 11:21 PM"
V45576,V45576,45576,5705020455766,Vikan lange resin handveger,SimpleProduct,Not Found,Not Found,"12/15/2025, 11:21 PM"
V522252,V522252,522252,5705025222523,"Vikan Transport handborstel lang zacht 6,5 cm breed",SimpleProduct,Not Found,"€ 9,90","12/15/2025, 11:21 PM"
V691543,V691543,691543,5705026915431,Vikan ErgoClean glansdoek 40cm,SimpleProduct,Not Found,"€ 19,42","12/15/2025, 11:21 PM"
V715,V715,715,5705020007156,Vikan 0715 Quick fit nippel 1/2 inch draad naar 3/4 Q,SimpleProduct,Not Found,"€ 11,24","12/15/2025, 11:21 PM"
V3219,V3219,3219,5705020032196,Vikan Classic 3219 blokborstel zacht 22 cm,SimpleProduct,Not Found,Not Found,"12/15/2025, 11:21 PM"
V450252,V450252,450252,5705024502527,Vikan Transport handveger kort zacht 4cm breed,SimpleProduct,Not Found,"€ 7,65","12/15/2025, 11:21 PM"
V559618,V559618,559618,5705025596198,Vikan set stoffer en blik en trekker met lange steel,SimpleProduct,Not Found,"€ 87,63","12/15/2025, 11:21 PM"
V53619,V53619,53619,5705020536199,Vikan Hygiene 53619 afvoergootborstel,SimpleProduct,Not Found,Not Found,"12/15/2025, 11:21 PM"
V56614,V56614,56614,5705022015319,Vikan Hygiene 56613 afsluitbare stoffer en blik set,SimpleProduct,Not Found,Not Found,"12/15/2025, 11:21 PM"
V70565Q,V70565Q,70565Q,5705020705618,Vikan Hygiene 70563Q wasborstel,SimpleProduct,Not Found,"€ 18,94","12/15/2025, 11:21 PM"
V53584,V53584,53584,5705020535840,Vikan Hygiene 5358-4 Shake borstelset,SimpleProduct,Not Found,"€ 60,14","12/15/2025, 11:21 PM"
V290800,V290800,290800,5705022908000,Vikan 290800 steel 150cm click-fit,SimpleProduct,Not Found,"€ 11,16","12/15/2025, 11:21 PM"
V5045,V5045,5045,5705020050459,Vikan Classic 5045 toiletborstel,SimpleProduct,Not Found,"€ 6,17","12/15/2025, 11:21 PM"
V545252,V545252,545252,5705025452524,Vikan Transport 545252 velgborstel 23cm,SimpleProduct,Not Found,"€ 39,41","12/15/2025, 11:21 PM"
V582218,V582218,582218,5705025822181,Vikan ErgoClean 582218 waszak medium,SimpleProduct,Not Found,"€ 24,88","12/15/2025, 11:21 PM"
V10183,V10183,10183,5705020101830,Vikan Hygiene 1018-1 ophangrek 4-6,SimpleProduct,Not Found,Not Found,"12/15/2025, 11:21 PM"
V582010,V582010,582010,5705025820101,Vikan ErgoClean 582010 houder voor,SimpleProduct,Not Found,"€ 22,94","12/15/2025, 11:21 PM"
V10193,V10193,10193,5705020101939,Vikan Hygiene 1019-1 Aanvulset klemmen div. kleuren,SimpleProduct,Not Found,Not Found,"12/15/2025, 11:21 PM"
V70115,V70115,70115,5705020701153,Vikan 70115 Spatelblad hittebestendig met steelaansluiting,SimpleProduct,Not Found,"€ 11,29","12/15/2025, 11:21 PM"
V521552,V521552,521552,5705025215525,Vikan Transport 521552 schneeuwborstel,SimpleProduct,Not Found,"€ 6,95","12/15/2025, 11:21 PM"
V53715,V53715,53715,5705020537158,"Vikan Hygiene 5371-5 buizenreiniger,",SimpleProduct,Not Found,Not Found,"12/15/2025, 11:21 PM"
V10172,V10172,10172,5705020101724,Vikan Hygiene 10171 ophangrek 1-3,SimpleProduct,Not Found,"€ 58,14","12/15/2025, 11:21 PM"
V380900,V380900,380900,5705023809009,Vikan adapter van clickfit naar schroefdraad,SimpleProduct,Not Found,"€ 5,06","12/15/2025, 11:21 PM"
V547260,V547260,547260,17330371005572,"Vikan ErgoClean 547260 DRY 21, mop 60cm",SimpleProduct,Not Found,"€ 72,44","12/15/2025, 11:21 PM"
V211135,V211135,211135,8716244047214,Vikan Hygiene 21113-5 elleboog,SimpleProduct,Not Found,"€ 160,62","12/15/2025, 11:21 PM"
V380440,V380440,380440,5705023804400,Swish 380440 Superior klittenband 40cm,SimpleProduct,Not Found,Not Found,"12/15/2025, 11:21 PM"
V583618,V583618,583618,5705025836188,Vikan ErgoClean 583618 afdekhoes,SimpleProduct,Not Found,"€ 106,09","12/15/2025, 11:21 PM"
V77739,V77739,77739,5705020777394,Vikan 7773-9 e schuimrubber cassette 50 cm,SimpleProduct,Not Found,"€ 15,08","12/15/2025, 11:21 PM"
V376016,V376016,376016,5705023760164,Vikan ErgoClean 376016 wringkorf,SimpleProduct,Not Found,"€ 5,15","12/15/2025, 11:21 PM"
V372518,V372518,372518,5705023725187,Vikan ErgoClean 372518 draadmop 250 gram,SimpleProduct,Not Found,"€ 6,82","12/15/2025, 11:21 PM"
V582418,V582418,582418,5705025824185,"Vikan ErgoClean 582418 wasnet, grijs",SimpleProduct,Not Found,"€ 17,71","12/15/2025, 11:21 PM"
V70105,V70105,70105,5705020701054,"Vikan Hygiene 7010-5 roerspatel, , pp",SimpleProduct,Not Found,"€ 53,71","12/15/2025, 11:21 PM"
V295610,V295610,295610,5705022956100,Vikan 295610 telescoopsteel 58-140 cm,SimpleProduct,Not Found,"€ 29,06","12/15/2025, 11:21 PM"
V29125,V29125,29125,5705020029127,Vikan Hygiene 2912-5 vloerschraper nylon,SimpleProduct,Not Found,"€ 30,46","12/15/2025, 11:21 PM"
V370300,V370300,370300,5705023703000,Swish Superior mopframe 28cm klittenband click-fit,SimpleProduct,Not Found,"€ 17,09","12/15/2025, 11:21 PM"
V545460,V545460,545460,15705025454600,Vikan WET 61 vlakmop 60cm klittenband,SimpleProduct,Not Found,Not Found,"12/15/2025, 11:21 PM"
V581310,V581310,581310,5705025813103,Vikan ErgoClean 581310 perfo deksel MOPBOX 60,SimpleProduct,Not Found,"€ 36,07","12/15/2025, 11:21 PM"
V56806,V56806,56806,5705020568060,Vikan Hygiene 5680-6 schepbak,SimpleProduct,Not Found,"€ 57,44","12/15/2025, 11:21 PM"
V297152Q,V297152Q,297152Q,5705022971028,Vikan Transport telescoopsteel 100-160cm waterdoorvoer Nito,SimpleProduct,Not Found,"€ 64,08","12/15/2025, 11:21 PM"
V70432,V70432,70432,5705020704321,Vikan Hygiene 7043-2 luiwagen medium 27cm,SimpleProduct,Not Found,"€ 24,03","12/15/2025, 11:21 PM"
V293752,V293752,293752,5705022937529,Vikan Transport 293752 steel 150cm,SimpleProduct,Not Found,"€ 29,61","12/15/2025, 11:21 PM"
V700,V700,700,5705020007002,Vikan 0700 kraanaansluiting,SimpleProduct,Not Found,"€ 9,86","12/15/2025, 11:21 PM"
V548509,V548509,548509,5705022006195,Vikan Damp 47 pocketmop 40cm,SimpleProduct,Not Found,"€ 61,78","12/15/2025, 11:21 PM"
V583010,V583010,583010,5705025830100,Vikan ErgoClean 583010 steelklem buis,SimpleProduct,Not Found,"€ 129,14","12/15/2025, 11:21 PM"
V548200,V548200,548200,5705025482002,Vikan ErgoClean WET SCRUB pocketmop 40cm,SimpleProduct,Not Found,"€ 53,54","12/15/2025, 11:21 PM"
V53525,V53525,53525,5705020053528,Vikan nylon flexibel verlengstuk pijpenborstel 150cm,SimpleProduct,Not Found,"€ 24,32","12/15/2025, 11:21 PM"
V561552,V561552,561552,5705025615523,Schep Vikan Transport 561552 groen,SimpleProduct,Not Found,"€ 43,03","12/15/2025, 11:21 PM"
V583013,V583013,583013,5705025830131,Vikan ErgoClean 583013 steelklem buis,SimpleProduct,Not Found,"€ 85,62","12/15/2025, 11:21 PM"
V581410,V581410,581410,5705025814100,Vikan ErgoClean 581410 MOPBOX 40 compleet,SimpleProduct,Not Found,"€ 72,87","12/15/2025, 11:21 PM"
V4594,V4594,4594,5705020045943,Vikan Classic 4594 handveger hard,SimpleProduct,Not Found,"€ 7,03","12/15/2025, 11:21 PM"
V77759,V77759,77759,5705020777592,Vikan 7775-9 e cassette 70 cm,SimpleProduct,Not Found,"€ 19,86","12/15/2025, 11:21 PM"
V3660,V3660,3660,15705020036603,"Vikan Classic 3660 luiwagen 27cm, hard",SimpleProduct,Not Found,"€ 8,28","12/15/2025, 11:21 PM"
V45858,V45858,45858,5705020458583,Vikan UST 4585-8 handveger medium vezels 35x330mm,SimpleProduct,Not Found,"€ 25,42","12/15/2025, 11:21 PM"
V582710,V582710,582710,5705025827100,Vikan ErgoClean 582710 vlakmop verwijder,SimpleProduct,Not Found,"€ 35,15","12/15/2025, 11:21 PM"
V4750,V4750,4750,5705020047503,Vikan Classic 4750 wasborstel zacht 15cm,SimpleProduct,Not Found,"€ 34,23","12/15/2025, 11:21 PM"
V10184,V10184,10184,5705020101847,Vikan Hygiene 1018-1 ophangrek 4-6,SimpleProduct,Not Found,"€ 33,94","12/15/2025, 11:21 PM"
V525652,V525652,525652,5705022028326,Vikan 525652 Transport velgborstel zachte vezels conisch lente 425mm dia 105mm,SimpleProduct,Not Found,"€ 62,67","12/15/2025, 11:21 PM"
V547240,V547240,547240,17330371005565,"Vikan ErgoClean 547240 DRY 21, mop 40cm",SimpleProduct,Not Found,"€ 15,85","12/15/2025, 11:21 PM"
V581418,V581418,581418,5705025814186,Vikan ErgoClean 581418 MOPBOX 60,SimpleProduct,Not Found,"€ 28,44","12/15/2025, 11:21 PM"
V548140,V548140,548140,15705025481408,Vikan ErgoClean SCRUB mop 40cm klittenband,SimpleProduct,Not Found,"€ 103,03","12/15/2025, 11:21 PM"
V10174,V10174,10174,5705020101748,Vikan Hygiene 10171 ophangrek 1-3,SimpleProduct,Not Found,Not Found,"12/15/2025, 11:21 PM"
V41823,V41823,41823,5705020418235,"Vikan Hygiene 4182-3 afwasborstel 7x41,5cm",SimpleProduct,Not Found,Not Found,"12/15/2025, 11:21 PM"
V548549,V548549,548549,5705022001053,Vikan Damp 47 vlakmop 47cm klittenband,SimpleProduct,Not Found,"€ 68,40","12/15/2025, 11:21 PM"
V582910,V582910,582910,5705025829104,Vikan ErgoClean 582910 slede voor emmer,SimpleProduct,Not Found,"€ 6,00","12/15/2025, 11:21 PM"
V296218,V296218,296218,5705022962187,Vikan Ergo top-gereguleerde telescoopsteel 123-177cm click-fit,SimpleProduct,Not Found,"€ 52,44","12/15/2025, 11:21 PM"
V580319,V580319,580319,5705025803197,Vikan ErgoClean 580319 Compact 60 plus Trolley,SimpleProduct,Not Found,"€ 993,07","12/15/2025, 11:21 PM"
V38932,V38932,38932,5705020389320,Vikan Resin werkborstel,SimpleProduct,Not Found,"€ 13,53","12/15/2025, 11:21 PM"
V111199,V111199,111199,5705021111999,Vikan Hygiene 111199 test kit metaaldetectie,SimpleProduct,Not Found,"€ 51,97","12/15/2025, 11:21 PM"
V4810,V4810,4810,5705020048104,Vikan Classic 4810 teerborstel zacht 24cm,SimpleProduct,Not Found,"€ 4,01","12/15/2025, 11:21 PM"
V10171,V10171,10171,5705020101717,Vikan Hygiene 10171 ophangrek 1-3,SimpleProduct,Not Found,Not Found,"12/15/2025, 11:21 PM"
V374318,V374318,374318,5705023743181,Vikan mopframe 55/60 cm klittenband click-fit,SimpleProduct,Not Found,"€ 36,86","12/15/2025, 11:21 PM"
V474215,V474215,474215,5705024742152,Vikan ErgoClean 474215 raamwasbont 40cm,SimpleProduct,Not Found,"€ 12,61","12/15/2025, 11:21 PM"
V38934,V38934,38934,5705020389344,Vikan Resin werkborstel,SimpleProduct,Not Found,"€ 13,53","12/15/2025, 11:21 PM"
V42885,V42885,42885,5705020428852,Vikan 42885 grillborstel klein warmt bestendig 29cm,SimpleProduct,Not Found,"€ 24,03","12/15/2025, 11:21 PM"
V520052,V520052,520052,5705025200521,Vikan 520052 sneeuwborstel en ijskrabber,SimpleProduct,Not Found,"€ 48,34","12/15/2025, 11:21 PM"
V311752,V311752,311752,5705023117524,Vikan Transport werkplaatsbezem 65cm hout,SimpleProduct,Not Found,"€ 27,58","12/15/2025, 11:21 PM"
V297352Q,V297352Q,297352Q,5705022973022,Vikan Transport telescoopsteel 163-275cm waterdoorvoer Nito nippel,SimpleProduct,Not Found,"€ 82,35","12/15/2025, 11:21 PM"
V581414,V581414,581414,5705025814148,Vikan ErgoClean 581414 losse bodem MOPBOX 40,SimpleProduct,Not Found,"€ 26,11","12/15/2025, 11:21 PM"
V522752,V522752,522752,5705025227528,"Vikan Transport handborstel kort zacht 9,5 cm breed",SimpleProduct,Not Found,"€ 9,90","12/15/2025, 11:21 PM"
V712,V712,712,5705020007125,Vikan 0712 Quick fit nippel 1/2 inch draad naar 1/2 Q,SimpleProduct,Not Found,"€ 154,95","12/15/2025, 11:21 PM"
V70435,V70435,70435,5705020070433,Vikan Hygiene 7043-2 luiwagen medium 27cm,SimpleProduct,Not Found,"€ 24,03","12/15/2025, 11:21 PM"
V77755,V77755,77755,5705020777554,Vikan 7775-5 te cassette 70 cm,SimpleProduct,Not Found,"€ 19,86","12/15/2025, 11:21 PM"
V10177,V10177,10177,5705020101779,Vikan Hygiene 10171 ophangrek 1-3,SimpleProduct,Not Found,"€ 19,97","12/15/2025, 11:21 PM"
V70563Q,V70563Q,70563Q,5705027056317,Vikan Hygiene 70563Q wasborstel,SimpleProduct,Not Found,"€ 34,65","12/15/2025, 11:21 PM"
V311552,V311552,311552,5705023115520,Vikan Transport werkplaatsbezem 40cm hout,SimpleProduct,Not Found,"€ 23,11","12/15/2025, 11:21 PM"
V567099,V567099,567099,5705025670997,Vikan Hygiene 567099 handschep,SimpleProduct,Not Found,Not Found,"12/15/2025, 11:21 PM"
V70752,V70752,70752,5705020707520,"Vikan adapter 1/2"" nippel naar Gardena",SimpleProduct,Not Found,"€ 34,26","12/15/2025, 11:21 PM"
V6520040,V6520040,6520040,5705026520048,Vikan DRY diposable vlakmop 40 cm,SimpleProduct,Not Found,"€ 122,90","12/15/2025, 11:21 PM"
V29735,V29735,29735,5705020029738,Vikan Hygiene 2973-5 telescoopsteel 168-278cm waterdoorvoer,SimpleProduct,Not Found,"€ 82,35","12/15/2025, 11:21 PM"
V581518,V581518,581518,5705025815183,Vikan ErgoClean 581518 BOX 7 ltr los,SimpleProduct,Not Found,"€ 50,89","12/15/2025, 11:21 PM"
V549460,V549460,549460,17330371005602,Vikan 549460 DAMP 41 mop 60cm klittenband,SimpleProduct,Not Found,"€ 183,24","12/15/2025, 11:21 PM"
V701,V701,701,5705020007019,Vikan 0701 snelkoppeling voor waterslang 1/2 inch,SimpleProduct,Not Found,"€ 53,71","12/15/2025, 11:21 PM"
V526952,V526952,526952,5705025269528,Vikan Transport 526952 wasborstel 21cm,SimpleProduct,Not Found,"€ 36,07","12/15/2025, 11:21 PM"
V691618,V691618,691618,15705026916183,Vikan ErgoClean FLOOR microvezeldoek 64x32cm,SimpleProduct,Not Found,"€ 54,79","12/15/2025, 11:21 PM"
V556052,V556052,556052,5705025560526,Vikan Transport 556052 set 7 kwastjes,SimpleProduct,Not Found,"€ 6,63","12/15/2025, 11:21 PM"
V41845,V41845,41845,5705020041846,Vikan Hygiene 4184-5 veiligheidsborstel medium,SimpleProduct,Not Found,Not Found,"12/15/2025, 11:21 PM"
V701299,V701299,701299,5705027012993,"Vikan Hygiene 701299 roerspatel, d.",SimpleProduct,Not Found,Not Found,"12/15/2025, 11:21 PM"
V71652,V71652,71652,5705020007163,Vikan 0716 snelkoppeling 3/4,SimpleProduct,Not Found,"€ 18,31","12/15/2025, 11:21 PM"
V549125,V549125,549125,5705025491257,Vikan ErgoClean 549125 WINDOW mop 25cm,SimpleProduct,Not Found,"€ 14,14","12/15/2025, 11:21 PM"
V295918,V295918,295918,5705022959187,Vikan ErgoClean 295918 steel 150cm grijs,SimpleProduct,Not Found,"€ 10,20","12/15/2025, 11:21 PM"
V56804,V56804,56804,5705020568046,Vikan Hygiene 5680-4 schepbak,SimpleProduct,Not Found,"€ 18,46","12/15/2025, 11:21 PM"
V547140,V547140,547140,5705025471402,Vikan 547140 Dry mop 24 Klittenband breed 40cm kleur grijs,SimpleProduct,Not Found,"€ 15,85","12/15/2025, 11:21 PM"
V525452,V525452,525452,5705025254524,Vikan Transport wasborstel met Gardena wateraansluiting,SimpleProduct,Not Found,"€ 21,86","12/15/2025, 11:21 PM"
V581413,V581413,581413,5705025814131,Vikan ErgoClean 581413 deksel MOPBOX 40,SimpleProduct,Not Found,"€ 18,48","12/15/2025, 11:21 PM"
V374118,V374118,374118,5705023741187,Vikan mopframe 25cm klittenband click-fit,SimpleProduct,Not Found,"€ 24,36","12/15/2025, 11:21 PM"
V644052,V644052,644052,5705026440520,Vikan Transport 644052 nagelborstel,SimpleProduct,Not Found,"€ 7,89","12/15/2025, 11:21 PM"
V53515,V53515,53515,5705020535154,Vikan RVS flexible kabel-steel pijpenborstel 75cm,SimpleProduct,Not Found,"€ 12,92","12/15/2025, 11:21 PM"
V703,V703,703,5705020007033,Vikan 0703 snelkoppeling 1/2 met waterstop,SimpleProduct,Not Found,"€ 36,01","12/15/2025, 11:21 PM"
V473752,V473752,473752,5705024737523,Vikan Transport 473752 raamwisser/spons,SimpleProduct,Not Found,"€ 9,90","12/15/2025, 11:21 PM"
V299252Q,V299252Q,299252Q,5705022992023,Vikan Transport 299252-Q steel 100 cm Nito waterdoorvoer,SimpleProduct,Not Found,"€ 35,85","12/15/2025, 11:21 PM"
V70669,V70669,70669,6151906071091,"Vikan Hygiene 7066-9 vloerveger, zacht",SimpleProduct,Not Found,Not Found,"12/15/2025, 11:21 PM"
V56106,V56106,56106,6151906086033,Schop Vikan 56106 lange steel 111cm blad geel,SimpleProduct,Not Found,Not Found,"12/15/2025, 11:21 PM"
V71552,V71552,71552,6151906118109,Vikan 0715 Quick fit nippel 1/2 inch draad naar 3/4 Q,SimpleProduct,Not Found,"€ 18,31","12/15/2025, 11:22 PM"
V474115,V474115,474115,6151906119113,Vikan raamwasbont microvezel 25 cm,SimpleProduct,Not Found,"€ 143,98","12/15/2025, 11:21 PM"
V77252,V77252,77252,6151906153186,Vikan 7725 hygiene vloertrekker 70cm flexibele nek,SimpleProduct,Not Found,"€ 18,31","12/15/2025, 11:22 PM"
V70334,V70334,70334,6151906155197,Vikan Hygiene 7033-4 wormhuisborstel,SimpleProduct,Not Found,"€ 26,68","12/15/2025, 11:22 PM"
V77337,V77337,77337,6151906172118,"Vikan 7733-7 full colour cassette, 50cm",SimpleProduct,Not Found,"€ 15,08","12/15/2025, 11:22 PM"
V295218,V295218,295218,6151906183190,Vikan Ergonomische steel 150 cm click-fit,SimpleProduct,Not Found,"€ 26,32","12/15/2025, 11:22 PM"
V56315,V56315,56315,6151906219240,"Vikan Hygiene 5631-5 schop T-grip,",SimpleProduct,Not Found,"€ 68,14","12/15/2025, 11:22 PM"
V7115,V7115,7115,6151906239248,Vikan Hygiene 0711-5 spuitpistool,SimpleProduct,Not Found,"€ 3,33","12/15/2025, 11:22 PM"
V7112,V7112,7112,6151906257228,Vikan Hygiene 0711-2 spuitpistool,SimpleProduct,Not Found,"€ 7,22","12/15/2025, 11:22 PM"
V41826,V41826,41826,6151906283289,"Vikan Hygiene 4182-2 borstel hard 7x41,5cm",SimpleProduct,Not Found,Not Found,"12/15/2025, 11:22 PM"
V56316,V56316,56316,6151906289236,"Vikan Hygiene 5631-6 schop T-grip,",SimpleProduct,Not Found,"€ 68,14","12/15/2025, 11:22 PM"
V375460,V375460,375460,6151906297279,Vikan FLIP mopframe 60cm klittenband click-fit,SimpleProduct,Not Found,"€ 25,58","12/15/2025, 11:22 PM"
V77537,V77537,77537,6151906371337,Vikan 7753-7 klassieke vloertrekker 50cm vaste nek,SimpleProduct,Not Found,"€ 29,91","12/15/2025, 11:22 PM"
V77233,V77233,77233,6151906390338,Vikan 7723-3 vloertrekker 50cm flexibele nek,SimpleProduct,Not Found,Not Found,"12/15/2025, 11:22 PM"
V567399,V567399,567399,6151906390383,Vikan Hygiene 567399 handschep detecteerbaar,SimpleProduct,Not Found,"€ 44,25","12/15/2025, 11:22 PM"
V70464,V70464,70464,6151906394312,Vikan Hygiene resin 7046-4 schrobber,SimpleProduct,Not Found,"€ 22,80","12/15/2025, 11:22 PM"
V41694,V41694,41694,6151906415451,"Vikan ergonomische handborstel hard 9,5 x 33cm",SimpleProduct,Not Found,Not Found,"12/15/2025, 11:22 PM"
V77256,V77256,77256,6151906464480,Vikan 7725-6 hygiene vloertrekker 70cm flexibele nek,SimpleProduct,Not Found,"€ 18,31","12/15/2025, 11:22 PM"
V70446,V70446,70446,6151906516530,"Vikan Hygiene 7044-2 luiwagen hard 24,5 cm",SimpleProduct,Not Found,"€ 22,80","12/15/2025, 11:22 PM"
V213835,V213835,213835,6151906527512,vikan vhs + vts konische,SimpleProduct,Not Found,"€ 14,50","12/15/2025, 11:22 PM"
V77655,V77655,77655,6151906567570,Vikan 7765-5 klassieke vloertrekker 70cm,SimpleProduct,Not Found,Not Found,"12/15/2025, 11:22 PM"
V45582,V45582,45582,6151906578538,Vikan Hygiene resin 4558-2 handveger,SimpleProduct,Not Found,"€ 25,42","12/15/2025, 11:22 PM"
V213845,V213845,213845,6151906617626,Vikan VHS 21384-5 schroefstuk voor,SimpleProduct,Not Found,"€ 14,50","12/15/2025, 11:22 PM"
V210725,V210725,210725,6151906637693,Vikan Hygiene 21072-5 wandplaatje voor,SimpleProduct,Not Found,Not Found,"12/15/2025, 11:22 PM"
V41904,V41904,41904,6151906646626,Vikan Hygiene 4190-2 afwasborstel 7x27cm,SimpleProduct,Not Found,"€ 10,78","12/15/2025, 11:22 PM"
V56213,V56213,56213,6151906663647,"Vikan Hygiene 5621-3 schop D-grip,",SimpleProduct,Not Found,"€ 9,76","12/15/2025, 11:22 PM"
V40556,V40556,40556,6151906669694,Vikan 4055 Nylon handschraper 80mm,SimpleProduct,Not Found,"€ 2,04","12/15/2025, 11:22 PM"
V56005,V56005,56005,6151906672601,Vikan 5600-2 schop 115cm groot blad,SimpleProduct,Not Found,Not Found,"12/15/2025, 11:22 PM"
V77255,V77255,77255,6151906682631,Vikan 7725-5 hygiene vloertrekker 70cm flexibele nek,SimpleProduct,Not Found,"€ 18,31","12/15/2025, 11:22 PM"
V29912Q,V29912Q,29912Q,6151906682655,Vikan Hygiene 29912Q steel 150cm Nito,SimpleProduct,Not Found,"€ 38,41","12/15/2025, 11:22 PM"
V45882,V45882,45882,6151906715742,Vikan handveger,SimpleProduct,Not Found,"€ 25,42","12/15/2025, 11:22 PM"
V70616,V70616,70616,6151906747729,Vikan Hygiene 7061-6 vloerschrobber 30cm,SimpleProduct,Not Found,"€ 4,39","12/15/2025, 11:22 PM"
V41674,V41674,41674,6151906768762,Vikan 4167 handborstel waterabsorberende zachte vezel,SimpleProduct,Not Found,Not Found,"12/15/2025, 11:22 PM"
V70332,V70332,70332,6151906838885,Vikan Hygiene 7033-2 wormhuisborstel,SimpleProduct,Not Found,Not Found,"12/15/2025, 11:22 PM"
V212049,V212049,212049,6151906849898,Vikan 21204-9 schroefstuk voor steel,SimpleProduct,Not Found,"€ 103,04","12/15/2025, 11:22 PM"
V41835,V41835,41835,6151906852850,Vikan zachte afwasborstel met lange steel,SimpleProduct,Not Found,Not Found,"12/15/2025, 11:22 PM"
V70664,V70664,70664,6151906874890,"Vikan Hygiene 7066-4 vloerveger, zacht",SimpleProduct,Not Found,Not Found,"12/15/2025, 11:22 PM"
V211149,V211149,211149,6151906940953,"Vikan Transport 21114-9 schroefring,",SimpleProduct,Not Found,"€ 103,04","12/15/2025, 11:22 PM"
V56854,V56854,56854,6151906955988,Vikan Hygiene 5685-4 schepbak,SimpleProduct,Not Found,"€ 37,01","12/15/2025, 11:22 PM"
V70444,V70444,70444,6151906962948,"Vikan Hygiene 7044-2 luiwagen hard 24,5 cm",SimpleProduct,Not Found,"€ 22,80","12/15/2025, 11:22 PM"
V567599,V567599,567599,6151906977942,Vikan Hygiene 567599 handschep,SimpleProduct,Not Found,"€ 178,70","12/15/2025, 11:22 PM"
V3182S,V3182S,3182S,6151907026045,"Vikan Classic 3182-S veger 50cm, medium",SimpleProduct,Not Found,"€ 31,19","12/15/2025, 11:22 PM"
V45883,V45883,45883,6151907027080,Vikan handveger,SimpleProduct,Not Found,"€ 25,42","12/15/2025, 11:22 PM"
V70614,V70614,70614,6151907043011,Vikan Hygiene 7061-4 vloerschrobber 30cm,SimpleProduct,Not Found,"€ 4,39","12/15/2025, 11:22 PM"
V77235,V77235,77235,6151907050002,Vikan 77235 vloertrekker 50cm flexibele nek,SimpleProduct,Not Found,Not Found,"12/15/2025, 11:22 PM"
V70452,V70452,70452,6151907051054,Vikan Hygiene resin 7045-2 vloerveger,SimpleProduct,Not Found,Not Found,"12/15/2025, 11:22 PM"
V56215,V56215,56215,6151907053003,"Vikan Hygiene 5621-5 schop D-grip,",SimpleProduct,Not Found,"€ 68,14","12/15/2025, 11:22 PM"
V29757,V29757,29757,6151907085080,Vikan Hygiene 2975-7 steel 1675-2780mm,SimpleProduct,Not Found,"€ 16,60","12/15/2025, 11:22 PM"
V6157,V6157,6157,6151907149188,Vikan Hygiene 615-7 ophangrek oranje,SimpleProduct,Not Found,Not Found,"12/15/2025, 11:22 PM"
V56312,V56312,56312,6151907192122,"Vikan Hygiene 5631-2 schop T-grip,",SimpleProduct,Not Found,"€ 9,38","12/15/2025, 11:22 PM"
V2520H,V2520H,2520H,6151907263211,"Vikan Classic 2520H bezem 47cm,",SimpleProduct,Not Found,"€ 59,45","12/15/2025, 11:22 PM"
V77234,V77234,77234,6151907263297,Vikan 77234 vloertrekker 50cm flexibele nek,SimpleProduct,Not Found,Not Found,"12/15/2025, 11:22 PM"
V41886,V41886,41886,6151907269206,Vikan Hygiene resin 4188-6 afwasborstel,SimpleProduct,Not Found,Not Found,"12/15/2025, 11:22 PM"
V2991Q3,V2991Q3,2991Q3,6151907272244,Vikan Hygiene 2991Q-3 steel 150cm,SimpleProduct,Not Found,"€ 57,03","12/15/2025, 11:22 PM"
V290400,V290400,290400,6151907353349,Swish 290400 telescoopsteel 65-110cm click-fit,SimpleProduct,Not Found,"€ 91,48","12/15/2025, 11:22 PM"
V41884,V41884,41884,6151907354339,Vikan Hygiene resin 4188-4 afwasborstel,SimpleProduct,Not Found,Not Found,"12/15/2025, 11:22 PM"
V41673,V41673,41673,6151907373316,Vikan 4167 handborstel waterabsorberende zachte vezel,SimpleProduct,Not Found,Not Found,"12/15/2025, 11:22 PM"
V56707,V56707,56707,6151907378397,Vikan Hygiene 5670-7 handschep oranje,SimpleProduct,Not Found,"€ 9,15","12/15/2025, 11:22 PM"
V56314,V56314,56314,6151907441442,"Vikan Hygiene 5631-4 schop T-grip,",SimpleProduct,Not Found,"€ 12,44","12/15/2025, 11:22 PM"
V3187S,V3187S,3187S,6151907472439,"Vikan Classic 3187-S veger 50cm, hard",SimpleProduct,Not Found,Not Found,"12/15/2025, 11:22 PM"
V40552,V40552,40552,6151907488416,Vikan 4055 Nylon handschraper 80mm,SimpleProduct,Not Found,"€ 2,04","12/15/2025, 11:22 PM"
V45575,V45575,45575,6151907499481,Vikan lange resin handveger,SimpleProduct,Not Found,Not Found,"12/15/2025, 11:22 PM"
V56102,V56102,56102,6151907527573,Schop Vikan 56102 lange steel 111cm blad groen,SimpleProduct,Not Found,Not Found,"12/15/2025, 11:22 PM"
V41832,V41832,41832,6151907621660,Vikan zachte afwasborstel met lange steel,SimpleProduct,Not Found,Not Found,"12/15/2025, 11:22 PM"
V77636,V77636,77636,6151907630648,Vikan 7763-6 klassieke vloertrekker 50cm flexibel,SimpleProduct,Not Found,Not Found,"12/15/2025, 11:22 PM"
V41695,V41695,41695,6151907652633,"Vikan ergonomische handborstel hard 9,5 x 33cm",SimpleProduct,Not Found,Not Found,"12/15/2025, 11:22 PM"
V77239,V77239,77239,6151907654699,Vikan 7723-9 vloertrekker 50cm flexibele nek,SimpleProduct,Not Found,Not Found,"12/15/2025, 11:22 PM"
V70335,V70335,70335,6151907762745,Vikan Hygiene 7033-5 wormhuisborstel,SimpleProduct,Not Found,Not Found,"12/15/2025, 11:22 PM"
V77653,V77653,77653,6151907775745,Vikan 7765-3 klassieke vloertrekker 70cm,SimpleProduct,Not Found,Not Found,"12/15/2025, 11:22 PM"
V213855,V213855,213855,6151907776773,"vikan vhs schroefdop, ,",SimpleProduct,Not Found,"€ 14,50","12/15/2025, 11:22 PM"
V70463,V70463,70463,6151907845844,Vikan Hygiene resin 7046-3 schrobber,SimpleProduct,Not Found,"€ 22,80","12/15/2025, 11:22 PM"
V29369,V29369,29369,6151907868898,Vikan Hygiene 2936-9 steel 130cm,SimpleProduct,Not Found,"€ 12,75","12/15/2025, 11:22 PM"
V77634,V77634,77634,6151907888834,Vikan 7763-4 klassieke vloertrekker 50cm flexibel,SimpleProduct,Not Found,Not Found,"12/15/2025, 11:22 PM"
V376210,V376210,376210,6151907892879,Vikan ErgoClean 376210 klittenband 25cm,SimpleProduct,Not Found,"€ 162,21","12/15/2025, 11:22 PM"
V70666,V70666,70666,6151907961926,"Vikan Hygiene 7066-6 vloerveger, zacht",SimpleProduct,Not Found,Not Found,"12/15/2025, 11:22 PM"
V2120H,V2120H,2120H,6151907979914,Vikan Classic 2120H Sherbro bezem 47cm,SimpleProduct,Not Found,"€ 3,58","12/15/2025, 11:22 PM"
V41693,V41693,41693,6151907983973,"Vikan ergonomische handborstel hard 9,5 x 33cm",SimpleProduct,Not Found,Not Found,"12/15/2025, 11:22 PM"
V41902,V41902,41902,6151907991930,Vikan Hygiene 4190-2 afwasborstel 7x27cm,SimpleProduct,Not Found,Not Found,"12/15/2025, 11:22 PM"
V41803,V41803,41803,6151908080008,Vikan Hygiene resin 4180-3 afwasborstel,SimpleProduct,Not Found,Not Found,"12/15/2025, 11:22 PM"
V41883,V41883,41883,6151908114147,Vikan Hygiene resin 4188-3 afwasborstel,SimpleProduct,Not Found,"€ 15,75","12/15/2025, 11:22 PM"
V2117H,V2117H,2117H,6151908127192,"Vikan Classic 2117H Sherbro bezem 35cm,",SimpleProduct,Not Found,"€ 19,87","12/15/2025, 11:22 PM"
V70885240,V70885240,70885240,6151908131182,Vikan Transport 708852-40cm vloertrekker,SimpleProduct,Not Found,Not Found,"12/15/2025, 11:22 PM"
V45885,V45885,45885,6151908165170,Vikan handveger,SimpleProduct,Not Found,"€ 24,03","12/15/2025, 11:22 PM"
UG941005,UG941005,UG941005,6151908174141,UG941005 Grijper NiftyNabber TRIGGER-GREEP UNGER NT100 102 cm,SimpleProduct,Not Found,Not Found,"12/15/2025, 11:22 PM"
V70442,V70442,70442,6151908213246,"Vikan Hygiene 7044-2 luiwagen hard 24,5 cm",SimpleProduct,Not Found,Not Found,"12/15/2025, 11:22 PM"
V77633,V77633,77633,6151908286257,Vikan 7763-3 klassieke vloertrekker 50cm flexibel,SimpleProduct,Not Found,"€ 34,84","12/15/2025, 11:22 PM"
V70445,V70445,70445,6151908299257,"Vikan Hygiene 7044-2 luiwagen hard 24,5 cm",SimpleProduct,Not Found,"€ 22,80","12/15/2025, 11:22 PM"
V29916Q,V29916Q,29916Q,6151908324348,Vikan Hygiene 29916Q steel 150cm Nito,SimpleProduct,Not Found,"€ 57,03","12/15/2025, 11:22 PM"
V77254,V77254,77254,6151908344384,Vikan 7725-4 hygiene vloertrekker 70cm flexibele nek,SimpleProduct,Not Found,"€ 18,31","12/15/2025, 11:22 PM"
V45887,V45887,45887,6151908411413,Vikan handveger oranje,SimpleProduct,Not Found,"€ 25,42","12/15/2025, 11:22 PM"
V475118,V475118,475118,6151908416494,Vikan ErgoClean 475118 raamwasser T-stuk 25 cm,SimpleProduct,Not Found,"€ 162,21","12/15/2025, 11:22 PM"
V41903,V41903,41903,6151908439486,Vikan Hygiene 4190-2 afwasborstel 7x27cm,SimpleProduct,Not Found,Not Found,"12/15/2025, 11:22 PM"
V41905,V41905,41905,6151908531562,Vikan Hygiene 4190-2 afwasborstel 7x27cm,SimpleProduct,Not Found,Not Found,"12/15/2025, 11:22 PM"
V405199,V405199,405199,6151908611622,Vikan Hygiene 405199 flex. handschraper,SimpleProduct,Not Found,"€ 36,13","12/15/2025, 11:22 PM"
V70613,V70613,70613,6151908611639,Vikan Hygiene 7061-3 vloerschrobber 30cm,SimpleProduct,Not Found,"€ 4,39","12/15/2025, 11:22 PM"
V40555,V40555,40555,6151908627609,Vikan 4055 Nylon handschraper 80mm,SimpleProduct,Not Found,"€ 2,04","12/15/2025, 11:22 PM"
V70443,V70443,70443,6151908693673,"Vikan Hygiene 7044-2 luiwagen hard 24,5 cm",SimpleProduct,Not Found,"€ 22,80","12/15/2025, 11:22 PM"
V77639,V77639,77639,6151908730712,Vikan 7763-9 klassieke vloertrekker 50cm flexibel,SimpleProduct,Not Found,"€ 29,91","12/15/2025, 11:22 PM"
V56004,V56004,56004,6151908770701,Vikan 5600-2 schop 115cm groot blad,SimpleProduct,Not Found,Not Found,"12/15/2025, 11:22 PM"
V41834,V41834,41834,6151908774754,Vikan zachte afwasborstel met lange steel,SimpleProduct,Not Found,Not Found,"12/15/2025, 11:22 PM"
V41836,V41836,41836,6151908788737,Vikan zachte afwasborstel met lange steel,SimpleProduct,Not Found,Not Found,"12/15/2025, 11:22 PM"
V56853,V56853,56853,6151908811879,Vikan Hygiene 5685-3 schepbak,SimpleProduct,Not Found,"€ 27,77","12/15/2025, 11:22 PM"
V77253,V77253,77253,6151908830825,Vikan 7725-3 hygiene vloertrekker 70cm flexibele nek,SimpleProduct,Not Found,"€ 18,31","12/15/2025, 11:22 PM"
V77652,V77652,77652,6151908853831,Vikan 7765 klassieke vloertrekker 70cm flexibele nek,SimpleProduct,Not Found,Not Found,"12/15/2025, 11:22 PM"
V56105,V56105,56105,6151908864820,Schop Vikan 56105 lange steel 111cm blad wit,SimpleProduct,Not Found,Not Found,"12/15/2025, 11:22 PM"
V41885,V41885,41885,6151908879800,Vikan Hygiene resin 4188-5 afwasborstel,SimpleProduct,Not Found,Not Found,"12/15/2025, 11:22 PM"
V41824,V41824,41824,6151908895848,"Vikan Hygiene 4182-2 borstel hard 7x41,5cm",SimpleProduct,Not Found,Not Found,"12/15/2025, 11:22 PM"
V77654,V77654,77654,6151908929987,Vikan 7765-4 klassieke vloertrekker 70cm,SimpleProduct,Not Found,Not Found,"12/15/2025, 11:22 PM"
V56212,V56212,56212,6151908969990,"Vikan Hygiene 5621-2 schop D-grip,",SimpleProduct,Not Found,"€ 8,60","12/15/2025, 11:22 PM"
V549425,V549425,549425,6151909075034,"Vikan ErgoClean 549425 DAMP 41, mop 25cm",SimpleProduct,Not Found,"€ 114,19","12/15/2025, 11:22 PM"
V3117S,V3117S,3117S,6151909083053,Vikan Classic 3117-S veger 60cm hard,SimpleProduct,Not Found,Not Found,"12/15/2025, 11:22 PM"
V77635,V77635,77635,6151909096022,Vikan 7763-5 klassieke vloertrekker 50cm flexibel,SimpleProduct,Not Found,Not Found,"12/15/2025, 11:22 PM"
V454618,V454618,454618,6151909157150,Vikan ErgoClean 454618 vervangingskop,SimpleProduct,Not Found,"€ 142,08","12/15/2025, 11:22 PM"
V216124,V216124,216124,6151909190157,Vikan Transport 21612-4 rode dop steel,SimpleProduct,Not Found,Not Found,"12/15/2025, 11:22 PM"
V70662,V70662,70662,6151909230273,Vikan Hygiene vloerveger zacht 30cm,SimpleProduct,Not Found,Not Found,"12/15/2025, 11:22 PM"
V41822,V41822,41822,6151909245246,"Vikan Hygiene 4182-2 borstel hard 7x41,5cm",SimpleProduct,Not Found,Not Found,"12/15/2025, 11:22 PM"
V3177S,V3177S,3177S,6151909267293,"Vikan Classic 3177-S veger 40cm, hard",SimpleProduct,Not Found,Not Found,"12/15/2025, 11:23 PM"
V7116,V7116,7116,6151909292219,Vikan Hygiene 0711-6 spuitpistool,SimpleProduct,Not Found,"€ 4,89","12/15/2025, 11:22 PM"
V567799,V567799,567799,6151909294244,Vikan Hygiene 567799 handschep,SimpleProduct,Not Found,Not Found,"12/15/2025, 11:22 PM"
V29914Q,V29914Q,29914Q,6151909297207,Vikan Hygiene 29914Q steel 150cm Nito,SimpleProduct,Not Found,"€ 33,67","12/15/2025, 11:23 PM"
V56855,V56855,56855,6151909317349,Vikan Hygiene 5685-5 schepbak,SimpleProduct,Not Found,"€ 37,01","12/15/2025, 11:23 PM"
V213849,V213849,213849,6151909370320,Vikan Transport 21384-9 schroefstuk voor,SimpleProduct,Not Found,"€ 174,74","12/15/2025, 11:22 PM"
V41882,V41882,41882,6151909416479,Vikan Hygiene resin 4188-2 afwasborstel,SimpleProduct,Not Found,Not Found,"12/15/2025, 11:23 PM"
V70466,V70466,70466,6151909459407,Vikan Hygiene resin 7046-6 schrobber,SimpleProduct,Not Found,"€ 22,80","12/15/2025, 11:23 PM"
V41805,V41805,41805,6151909513550,Vikan Hygiene resin 4180-5 afwasborstel,SimpleProduct,Not Found,Not Found,"12/15/2025, 11:23 PM"
V41833,V41833,41833,6151909535521,Vikan zachte afwasborstel met lange steel,SimpleProduct,Not Found,"€ 16,81","12/15/2025, 11:23 PM"
V41804,V41804,41804,6151909611652,Vikan Hygiene resin 4180-4 afwasborstel,SimpleProduct,Not Found,Not Found,"12/15/2025, 11:23 PM"
V70612,V70612,70612,6151909615629,Vikan Hygiene 7061-2 vloerschrobber medium 30cm,SimpleProduct,Not Found,"€ 4,39","12/15/2025, 11:23 PM"
V549440,V549440,549440,6151909621606,"Vikan ErgoClean 549440 DAMP 41, mop 40cm",SimpleProduct,Not Found,"€ 66,63","12/15/2025, 11:23 PM"
V40553,V40553,40553,6151909664634,Vikan 4055 Nylon handschraper 80mm,SimpleProduct,Not Found,"€ 2,04","12/15/2025, 11:23 PM"
V70885260,V70885260,70885260,6151909694617,Vikan Transport 708852-60cm vloertrekker,SimpleProduct,Not Found,Not Found,"12/15/2025, 11:23 PM"
V213859,V213859,213859,6151909710737,Vikan Transport 21385-9 schroefdop,SimpleProduct,Not Found,"€ 14,50","12/15/2025, 11:23 PM"
V70333,V70333,70333,6151909772766,Vikan Hygiene 7033-3 wormhuisborstel,SimpleProduct,Not Found,Not Found,"12/15/2025, 11:23 PM"
V31029,V31029,31029,6151909810819,Vikan Classic 3102-9 steelhouder,SimpleProduct,Not Found,Not Found,"12/15/2025, 11:23 PM"
V41825,V41825,41825,6151909831838,"Vikan Hygiene 4182-2 borstel hard 7x41,5cm",SimpleProduct,Not Found,Not Found,"12/15/2025, 11:23 PM"
V70615,V70615,70615,6151909866892,Vikan Hygiene 7061-5 vloerschrobber 30cm,SimpleProduct,Not Found,"€ 4,39","12/15/2025, 11:23 PM"
V580318,V580318,580318,6151909887835,Vikan ErgoClean 580318 Compact Basic,SimpleProduct,Not Found,Not Found,"12/15/2025, 11:23 PM"
V77232,V77232,77232,6151909916962,Vikan 7723 hygiene vloertrekker 50cm flexibele nek,SimpleProduct,Not Found,Not Found,"12/15/2025, 11:23 PM"
V77632,V77632,77632,6151909935987,Vikan 7763-2 klassieke vloertrekker 50cm flexibel,SimpleProduct,Not Found,Not Found,"12/15/2025, 11:23 PM"
V41676,V41676,41676,6151909963973,Vikan 4167 handborstel waterabsorberende zachte vezel,SimpleProduct,Not Found,Not Found,"12/15/2025, 11:23 PM"
V56103,V56103,56103,6151909979950,Schop Vikan 56103 lange steel 111cm blad blauw,SimpleProduct,Not Found,Not Found,"12/15/2025, 11:23 PM"
V70453,V70453,70453,6151909984978,Vikan Hygiene resin 7045-3 vloerveger,SimpleProduct,Not Found,Not Found,"12/15/2025, 11:23 PM"
V30897,V30897,30897,6151910016057,Vikan Hygiene 3089-7 afwasborstel oranje,SimpleProduct,Not Found,"€ 5,30","12/15/2025, 11:23 PM"
V40611,V40611,40611,6151910037014,Vikan 4061 handschraper 100mm metaaldectecteerbaar,SimpleProduct,Not Found,Not Found,"12/15/2025, 11:23 PM"
V3239,V3239,3239,6151910046009,"Vikan Classic 3239 blokborstel, zacht",SimpleProduct,Not Found,"€ 31,07","12/15/2025, 11:23 PM"
V70462,V70462,70462,6151910148192,Vikan Hygiene resin 7046-2 schrobber,SimpleProduct,Not Found,"€ 22,80","12/15/2025, 11:23 PM"
V56006,V56006,56006,6151910181175,Vikan 5600-2 schop 115cm groot blad,SimpleProduct,Not Found,"€ 57,44","12/15/2025, 11:23 PM"
V45572,V45572,45572,6151910197190,Vikan lange resin handveger,SimpleProduct,Not Found,"€ 11,82","12/15/2025, 11:23 PM"
V295618,V295618,295618,6151910288270,Vikan korte ergonomische telescoopsteel 50-80cm click-fit,SimpleProduct,Not Found,"€ 34,65","12/15/2025, 11:23 PM"
V70465,V70465,70465,6151910358324,Vikan Hygiene resin 7046-5 schrobber,SimpleProduct,Not Found,"€ 22,80","12/15/2025, 11:23 PM"
V77656,V77656,77656,6151910366350,Vikan 7765-6 klassieke vloertrekker 70cm,SimpleProduct,Not Found,Not Found,"12/15/2025, 11:23 PM"
V56856,V56856,56856,6151910370371,Vikan Hygiene 5685-6 schepbak,SimpleProduct,Not Found,"€ 37,01","12/15/2025, 11:23 PM"
V70454,V70454,70454,6151910376311,Vikan Hygiene resin 7045-4 vloerveger,SimpleProduct,Not Found,"€ 26,68","12/15/2025, 11:23 PM"
V56104,V56104,56104,6151910387300,Schop Vikan 56104 lange steel 111cm blad rood,SimpleProduct,Not Found,Not Found,"12/15/2025, 11:23 PM"
V3817,V3817,3817,6151910422476,Vikan Classic 3817 werkborstel hard,SimpleProduct,Not Found,Not Found,"12/15/2025, 11:23 PM"
V55901800,V55901800,55901800,6151910493438,Vikan ErgoClean 559018 stoffer/blik comb,SimpleProduct,Not Found,"€ 52,84","12/15/2025, 11:23 PM"
V563199,V563199,563199,6151910551541,Vikan Hygiene 563199 schop T-grip detec,SimpleProduct,Not Found,"€ 14,85","12/15/2025, 11:23 PM"
V216154,V216154,216154,6151910588561,"Vikan Transport 21615-4 schroefdop,",SimpleProduct,Not Found,"€ 5,26","12/15/2025, 11:23 PM"
V583412,V583412,583412,6151910643604,Vikan ErgoClean 583412 uitbreidingsset,SimpleProduct,Not Found,"€ 69,12","12/15/2025, 11:23 PM"
V212043,V212043,212043,6151910653634,Vikan 21204-3 schroefstuk voor steel,SimpleProduct,Not Found,"€ 278,43","12/15/2025, 11:23 PM"
V70455,V70455,70455,6151910666658,Vikan Hygiene resin 7045-5 vloerveger,SimpleProduct,Not Found,"€ 26,68","12/15/2025, 11:23 PM"
V41696,V41696,41696,6151910728783,"Vikan ergonomische handborstel hard 9,5 x 33cm",SimpleProduct,Not Found,Not Found,"12/15/2025, 11:23 PM"
V41692,V41692,41692,6151910732735,"Vikan ergonomische handborstel hard 9,5 x 33cm",SimpleProduct,Not Found,Not Found,"12/15/2025, 11:23 PM"
V296288,V296288,296288,6151910738713,Vikan 296288 Ultra Hygiene steel 150cm grijs,SimpleProduct,Not Found,"€ 26,43","12/15/2025, 11:23 PM"
V211139,V211139,211139,6151910754799,"Vikan Transport 21113-9, elleboog,",SimpleProduct,Not Found,"€ 132,16","12/15/2025, 11:23 PM"
V56317,V56317,56317,6151910759749,"Vikan Hygiene 5631-7 schop T-grip,",SimpleProduct,Not Found,"€ 68,14","12/15/2025, 11:23 PM"
V56002,V56002,56002,6151910799769,Vikan 5600-2 schop 115cm groot blad,SimpleProduct,Not Found,Not Found,"12/15/2025, 11:23 PM"
V3654,V3654,3654,6151910812833,"Vikan Classic 3654 luiwagen 30cm, hard,",SimpleProduct,Not Found,"€ 5,26","12/15/2025, 11:23 PM"
V77236,V77236,77236,6151910888883,Vikan 77236 vloertrekker 50cm flexibele nek,SimpleProduct,Not Found,"€ 32,89","12/15/2025, 11:23 PM"
V45584,V45584,45584,6151910926974,Vikan Hygiene resin 4558-4 handveger,SimpleProduct,Not Found,"€ 25,42","12/15/2025, 11:23 PM"
V41675,V41675,41675,6151910961968,Vikan 4167 handborstel waterabsorberende zachte vezel,SimpleProduct,Not Found,Not Found,"12/15/2025, 11:23 PM"
V41906,V41906,41906,6151910963955,Vikan Hygiene 4190-2 afwasborstel 7x27cm,SimpleProduct,Not Found,Not Found,"12/15/2025, 11:23 PM"
V56313,V56313,56313,6151911051071,"Vikan Hygiene 5631-3 schop T-grip,",SimpleProduct,Not Found,"€ 10,53","12/15/2025, 11:23 PM"
V380200,V380200,380200,6151911133104,Vikan ErgoClean 380200 soft pad 55cm,SimpleProduct,Not Found,"€ 27,01","12/15/2025, 11:23 PM"
V549400,V549400,549400,6151911221207,Vikan Damp 41 pocketmop 40cm,SimpleProduct,Not Found,"€ 162,81","12/15/2025, 11:23 PM"
V580314,V580314,580314,6151911312301,Vikan 580314 COMPACT 40 trolley,SimpleProduct,Not Found,Not Found,"12/15/2025, 11:23 PM"
V45583,V45583,45583,6151911313346,Vikan Hygiene resin 4558-3 handveger,SimpleProduct,Not Found,"€ 25,42","12/15/2025, 11:23 PM"
V70336,V70336,70336,6151911320382,Vikan Hygiene 7033-6 wormhuisborstel,SimpleProduct,Not Found,"€ 26,68","12/15/2025, 11:23 PM"
V41802,V41802,41802,6151911330305,Vikan Hygiene resin 4180-2 afwasborstel,SimpleProduct,Not Found,Not Found,"12/15/2025, 11:23 PM"
V45886,V45886,45886,6151911331302,Vikan handveger,SimpleProduct,Not Found,"€ 25,42","12/15/2025, 11:23 PM"
V56003,V56003,56003,6151911336352,Vikan 5600-2 schop 115cm groot blad,SimpleProduct,Not Found,Not Found,"12/15/2025, 11:23 PM"
V70456,V70456,70456,6151911348362,Vikan Hygiene resin 7045-6 vloerveger,SimpleProduct,Not Found,"€ 26,68","12/15/2025, 11:23 PM"
V211145,V211145,211145,6151911367318,"Vikan Hygiene 21114-5 schroefring,",SimpleProduct,Not Found,Not Found,"12/15/2025, 11:23 PM"
V45884,V45884,45884,6151911383363,Vikan handveger,SimpleProduct,Not Found,"€ 25,42","12/15/2025, 11:23 PM"
V40554,V40554,40554,6151911433440,Vikan 4055 Nylon handschraper 80mm,SimpleProduct,Not Found,"€ 2,04","12/15/2025, 11:23 PM"
V212045,V212045,212045,6151911462471,Vikan 21204-5 schroefstuk voor steel,SimpleProduct,Not Found,"€ 278,43","12/15/2025, 11:23 PM"
V70663,V70663,70663,6151911468411,"Vikan Hygiene 7066-3 vloerveger, zacht",SimpleProduct,Not Found,Not Found,"12/15/2025, 11:23 PM"
V29325,V29325,29325,6151911481434,Vikan Hygiene 2932-5 verlengstuk 100cm,SimpleProduct,Not Found,"€ 30,46","12/15/2025, 11:23 PM"
V6520060,V6520060,6520060,6151911583510,Vikan DRY diposable vlakmop 60 cm,SimpleProduct,Not Found,"€ 122,90","12/15/2025, 11:23 PM"
V216164,V216164,216164,6151911677615,"Vikan Transport 21616-4 schroefdop,",SimpleProduct,Not Found,Not Found,"12/15/2025, 11:23 PM"
V56852,V56852,56852,6151911692656,Vikan Hygiene 5685-2 schepbak 1 ltr div.kleuren,SimpleProduct,Not Found,"€ 55,94","12/15/2025, 11:23 PM"
V5583,V5583,5583,5705022039230,Vikan 5583 Classic stofblik kunststof grijs rubber rand 21cm,SimpleProduct,Not Found,Not Found,"12/15/2025, 11:23 PM"
V548725,V548725,548725,5705025487250,Vikan 548725 DAMP 48 Heavy Duty Microvezel Vlakmop 25 cm – Set van 5 Stuks,SimpleProduct,Not Found,"€ 16,93","12/15/2025, 11:23 PM"
V54740,V54740,548740,5705025487403,Copy of Vikan 548740 DAMP 48 Heavy Duty Microvezel Vlakmop 40 cm – Set van 5 Stuks,SimpleProduct,Not Found,"€ 102,39","12/15/2025, 11:23 PM"
V548760,V548760,548760,5705025487601,Copy of Vikan 548760 DAMP 48 Heavy Duty Microvezel Vlakmop 60 cm – Set van 5 Stuks,SimpleProduct,Not Found,"€ 24,36","12/15/2025, 11:23 PM"
